GEOID,pct_holc_A,pct_holc_B,pct_holc_C,pct_holc_D,pct_holc_graded,holc_dominant_grade,holc_grade_score
53033005304,0.0,0.4483842144406614,0.0,0.0,0.4483842144406614,B,2.0
53033005901,0.0,0.13658324412143197,0.2847803991282271,0.0,0.4213636432496591,C,2.6758542263683007
53033005401,0.0,3.948537286583859e-07,0.03013501876316544,0.13189679650916167,0.16203221012605576,D,3.8140134702404045
53033010102,0.0314797336972918,0.19784145923045754,0.1713017798982567,0.0,0.400622972826006,B,2.3490115537175917
53033000602,0.0,0.0,0.0,0.0,0.0,ungraded,
53033008003,0.0,0.0,0.0,0.0,0.0,ungraded,
53033004102,0.14066680126341677,0.12448769903725573,0.11154136829641494,0.0,0.3766958685970874,A,1.922681835945076
53033010302,0.0,0.0,0.9999999999999997,0.0,0.9999999999999997,C,3.0
53033007001,0.06857386901175608,0.4426734968898746,0.45429769191599034,0.0,0.965545057817621,C,2.399488164515149
53033003601,0.0,0.5105464484284218,0.4491403722415727,0.0,0.9596868206699944,B,2.4680072317008697
53033010101,0.0,0.001944282243156523,0.9980557177568348,0.0,0.9999999999999913,C,2.998055717756843
53033004703,0.0,0.0,0.2128726330540184,0.0,0.2128726330540184,C,3.0
53033009802,0.0,1.0000000000000004,0.0,0.0,1.0000000000000004,B,2.0
53033005303,0.0019324692197666279,0.004372200692766106,0.00015158355243460316,0.0,0.0064562534649673375,B,1.7241611288969065
53033007301,0.0,0.0,0.08489692788933628,0.0,0.08489692788933628,C,3.0
53033008401,0.0,0.0,0.09317441667216868,0.6992207951642005,0.7923952118363692,D,3.88241421038343
53033011802,0.0,0.0,0.43939404162449164,0.0,0.43939404162449164,C,3.0
53033007002,0.0,0.8151212894805626,0.16692168791881232,0.0,0.982042977399375,B,2.1699739133218494
53033000601,0.0,0.0,0.0,0.0,0.0,ungraded,
53033004701,0.0,0.0,0.17438222669840633,0.0,0.17438222669840633,C,3.0
53033003800,0.0,0.0072385787998231,0.0,0.0,0.0072385787998231,B,2.0
53033002500,0.0,0.002633920595796817,0.0,0.0,0.002633920595796817,B,2.0
53033000900,0.0,0.0,0.0,0.0,0.0,ungraded,
53033008600,0.0,0.0,0.0,0.9015727876181581,0.9015727876181581,D,4.0
53033005306,0.0,0.6742432346611283,0.0,0.0,0.6742432346611283,B,2.0
53033005902,0.0,0.6470126759466852,0.2571260335973584,0.0,0.9041387095440436,B,2.2843878166957663
53033007201,0.0,0.0,0.0,0.0,0.0,ungraded,
53033005202,0.0,0.7055786435475118,0.0,0.0,0.7055786435475118,B,2.0
53033003602,0.0,0.7557190348017684,0.08281462254934893,0.0,0.8385336573511173,B,2.0987612385303125
53033005201,0.0,0.7657317198749987,0.0,0.0645569583564961,0.8302886782314948,B,2.1555048504190175
53033008402,0.0,0.0,0.06393995896417919,0.1410801691801194,0.2050201281442986,D,3.688128382598724
53033007302,0.0,0.0,0.0,0.0,0.0,ungraded,
53033011801,0.0,0.19910230925340355,0.405187010536423,0.0,0.6042893197898265,C,2.670518238974252
53033007203,0.0,0.0,0.065949573495322,0.0,0.065949573495322,C,3.0
53033011901,0.0,0.0,0.9378450248890957,0.0,0.9378450248890957,C,3.0000000000000004
53033001201,0.0,0.0,0.0,0.0,0.0,ungraded,
53033010602,0.14996186108163154,0.4578056592539823,0.0066794139269470846,0.03900288880596383,0.6534498230685247,B,1.900104541713356
53033010601,0.0,0.9972915653125524,0.0027084346874473473,0.0,0.9999999999999997,B,2.0027084346874475
53033011902,0.0,0.0,0.3613781717993106,0.0,0.3613781717993106,C,3.0
53033000201,0.0,0.0,0.0,0.0,0.0,ungraded,
53033006701,0.0,0.0,0.11305595381016383,0.0,0.11305595381016383,C,3.0
53033000102,0.0,0.0,0.0,0.0,0.0,ungraded,
53033010301,0.0,0.0,0.9999999999999902,0.0,0.9999999999999902,C,3.0
53033003301,0.0,0.49450525923576044,0.4959874377962763,0.0,0.9904926970320367,C,2.5007482026697208
53033005402,0.0,0.4920400144552233,0.35298037185880393,0.011086119964954254,0.8561065062789814,B,2.438207873713391
53033003201,0.0,0.0231065228984481,0.18477455589275113,0.0018311779045181928,0.20971225669571744,C,2.898549825703323
53033004201,0.0013592471877217362,0.32044179903532555,0.6781927461359979,0.0,0.9999937923590452,C,2.6768377005137056
53033000101,0.0,0.0,0.0,0.0,0.0,ungraded,
53033005307,0.0,1.0,0.0,0.0,1.0,B,2.0
53033006702,0.0,0.19791664865427866,0.41386241834656656,0.0,0.6117790670008452,C,2.676489995604892
53033007501,0.0,0.0,1.0,0.0,1.0,C,3.0
53033007502,0.0,0.0,0.8824463565473948,0.0,0.8824463565473948,C,2.9999999999999996
53033008004,0.0,0.0,0.0,0.0,0.0,ungraded,
53033007202,0.0,0.0,0.0,0.0,0.0,ungraded,
53033007303,0.0,0.0,0.0,0.0,0.0,ungraded,
53033001202,0.0,0.0,0.0,0.0,0.0,ungraded,
53033004401,0.0,0.8241035638798629,0.0,0.0,0.8241035638798629,B,2.0
53033004402,0.0,0.7895007885351452,0.0,0.0,0.7895007885351452,B,2.0
53033003202,0.0,0.42745359462013816,0.5725464053798658,0.0,1.000000000000004,C,2.5725464053798635
53033003302,0.0,0.5168492660785715,0.3503224379366985,0.0,0.86717170401527,B,2.4039827825499827
53033010502,0.0,0.7220953579680082,0.2779046420319998,0.0,1.000000000000008,B,2.2779046420319977
53033010501,0.0,1.0000000000000042,0.0,0.0,1.0000000000000042,B,2.0
53033000202,0.0,0.0,0.0,0.0,0.0,ungraded,
53033009600,0.08922498560690183,0.3367663149169866,0.0,0.08189652946623106,0.5078878299901195,B,2.146819964807999
53033009701,0.0,0.4802932489816923,0.06695527644817863,0.0009131197272201473,0.5481616451570911,B,2.1254767029220143
53033009702,0.0,0.2729054959197908,0.6315427495204168,0.01610451490740622,0.9205527603476138,C,2.7210361077887453
53033009900,0.0,0.062129547609752,0.01005799954746772,0.16618027030906352,0.23836781746628322,D,3.436513300349488
53033010200,0.09366080252983912,0.14748580503849515,0.15090317894925936,0.0,0.39204978651759365,C,2.1460079265133114
53033010800,0.0,0.0,0.13927836488550188,0.5553228203142672,0.6946011851997691,D,3.799484412274008
53033010900,0.0,0.0,0.0,0.0,0.0,ungraded,
53033011101,0.0,0.0,1.0000000000000004,0.0,1.0000000000000004,C,3.0
53033012000,0.0,0.0,0.0,0.0,0.0,ungraded,
53033011200,0.0,0.0,0.0,0.2776092395882422,0.2776092395882422,D,4.0
53033011300,0.0,0.0,0.0,0.7015601675983133,0.7015601675983133,D,4.0
53033012100,0.0,0.02260210951675716,0.0,0.0,0.02260210951675716,B,2.0
53033011500,0.0,0.17643713590227608,0.5812844692967627,0.24227839480095897,0.9999999999999978,C,3.065841258898683
53033011700,0.0,0.0,0.9517564675750202,0.0,0.9517564675750202,C,3.0
53033006703,0.0,0.7352661581442609,0.1337787818987626,0.0,0.8690449400430235,B,2.153937703028499
53033009801,0.0590637565074107,0.9409362434925976,0.0,0.0,1.0000000000000084,B,1.9409362434925896
53033004101,0.20678147014084536,0.061938287210886116,0.02060980370328412,0.0,0.2893295610550156,A,1.3565411506563583
53033004702,0.0,0.0,0.5155308772837686,0.0,0.5155308772837686,C,3.0
53033004202,0.0,0.7459422876948211,0.1249086741850581,0.0,0.8708509618798792,B,2.14343289455112
53033007503,0.0,0.0,0.010941659446125228,0.06889663320569245,0.07983829265181767,D,3.8629522365433986
53033026700,0.0,0.0,0.0,0.0,0.0,ungraded,
53033026500,0.0,0.0,0.0,0.045917093221096925,0.045917093221096925,D,4.0
53033026300,0.0,0.0,3.501614144292104e-05,0.0,3.501614144292104e-05,C,3.0
53033008002,0.0,0.0,0.0,0.0,0.0,ungraded,
53033006000,0.0,0.4085429911443291,0.25072266776706476,0.0,0.6592656589113939,B,2.380305972832057
53033006600,0.0,0.25967736661900487,0.00434203512608962,0.08686868845317583,0.3508880901982703,B,2.5075105625038945
53033006800,0.0,0.9999999999999997,0.0,0.0,0.9999999999999997,B,2.0
53033006900,0.19772957331375227,0.7531179541930456,0.0491524724932094,0.0,1.0000000000000073,B,1.8514228991794581
53033000402,0.0,0.0,0.0,0.0,0.0,ungraded,
53033000500,0.0,0.0,0.0,0.0,0.0,ungraded,
53033001100,0.0,0.0,0.0,0.0,0.0,ungraded,
53033001300,0.0,0.0,0.0,0.0,0.0,ungraded,
53033001500,0.0008376297806759184,9.542444008011466e-05,0.0,0.0,0.0009330542207560331,A,1.1022710555907398
53033003500,0.0,0.7165890313008821,0.0,0.0,0.7165890313008821,B,2.0
53033004000,0.0,0.0017482946694154288,0.0020567775594100097,0.0,0.0038050722288254383,C,2.540535746950828
53033003400,0.0,0.5998563986433588,0.400143601356649,0.0,1.0000000000000078,B,2.400143601356646
53033004500,0.0,0.979136258166339,0.02086374183366524,0.0,1.0000000000000042,B,2.0208637418336655
53033004800,0.0,0.09293509490493491,0.686956982199214,0.0,0.7798920771041489,C,2.880835954572053
53033008200,0.0,0.0,0.0,0.1533947775133589,0.1533947775133589,D,4.0
53033008300,0.0,0.0,0.0,0.6394361714111199,0.6394361714111199,D,4.0
53033008500,0.0,0.0,0.0,0.5715668120919319,0.5715668120919319,D,4.0
53033008700,0.0,0.0,0.0,0.9999999999999879,0.9999999999999879,D,4.0
53033008800,0.0,0.018910128729374334,0.1447302228930091,0.8363596483776046,0.999999999999988,D,3.81744951964824
53033008900,0.0,0.19578413489631766,0.06493981415241601,0.16131424508332995,0.42203819413206356,B,2.9183251888282853
53033009000,0.0,0.0,0.0,0.7645272221908228,0.7645272221908228,D,4.0
53033009100,0.0,0.0,0.0,0.13136277565428134,0.13136277565428134,D,4.0
53033001000,0.0,0.0,0.0,0.0,0.0,ungraded,
53033005305,0.0,0.547043769798213,0.0,0.0,0.547043769798213,B,2.0
53033000300,0.0,0.0,0.0,0.0,0.0,ungraded,
53033000700,0.0,0.0,0.0,0.0,0.0,ungraded,
53033000800,0.0,0.0,0.0,0.0,0.0,ungraded,
53033001400,0.0,0.0,0.0,0.0,0.0,ungraded,
53033001600,0.0,0.0,0.0,0.0,0.0,ungraded,
53033002200,0.0,0.0,0.0,0.0,0.0,ungraded,
53033002800,0.0,0.988345074114518,0.0,0.0,0.988345074114518,B,2.0
53033006500,0.0,0.6140050018756388,0.08891572711773589,0.0,0.7029207289933747,B,2.1264946720878024
53033003100,0.08631772834874445,0.5932041779373008,0.0,0.0,0.6795219062860453,B,1.8729728540754227
53033003900,0.0,0.009953957673207012,0.009215529665454084,0.0,0.019169487338661098,B,2.480739495149052
53033005801,0.0,3.714952078620555e-06,0.4330979406086357,0.0,0.43310165556071434,C,2.9999914224477533
53033990100,0.0,0.0,0.0,0.003362740761159318,0.003362740761159318,D,4.0
53033007700,0.0,0.0,0.044997000761346016,0.9533796871396211,0.9983766879009671,D,3.9549298362966088
53033007600,0.0,0.0,0.6986267659355193,0.3013732340644681,0.9999999999999873,C,3.3013732340644717
53033007800,0.07312508556363471,0.2561842019429938,0.04991446266558456,0.0,0.3792237501722131,B,1.9387943848782947
53033004600,0.0,0.32719975162346554,0.0047843688276024855,0.0,0.331984120451068,B,2.0144114387793666
53033005000,0.0,1.0000000000000002,0.0,0.0,1.0000000000000002,B,2.0
53033005700,8.881892162448829e-05,0.07054315068474451,0.2388599466400568,0.23813013179986334,0.5476220480462891,C,3.305702343192945
53033006400,0.11617598425372033,0.7246442992654502,0.15072065415860597,0.00845906232221499,0.9999999999999913,B,2.051462794549316
53033006100,0.0,0.5455983542824128,0.0,0.0,0.5455983542824128,B,2.0
53033006200,0.3634528291721617,0.23265502803956165,0.007915914040492822,0.004030745173796311,0.6080545164260125,A,1.4285456066892699
53033006300,0.2078333480908527,0.1518839706168713,0.016586043265454178,0.0,0.37630336197317815,A,1.4917735950522015
53033003000,0.0,0.9798512109290345,0.0,0.0,0.9798512109290345,B,2.0
53033011102,0.0020620824252355874,0.22110393310850024,0.291424934530113,0.0,0.5145909500638488,C,2.5623162476311996
53033002700,0.0,0.9888141662464316,0.0,0.0,0.9888141662464316,B,2.0
53033010402,0.0,0.024185058562243917,0.0,0.884454910618869,0.908639969181113,D,3.9467664655253056
53033010702,0.0,0.14786704620366292,0.009929720715566198,0.8422032330807467,0.9999999999999758,D,3.6943361868771007
53033011402,0.0,0.0316424567462305,0.0033449878147035973,0.894950929178927,0.9299383737398611,D,3.928350196971436
53033011401,0.0,0.0,0.0,1.0,1.0,D,4.0
53033004302,0.0,0.6942621683574822,0.10240505401773585,0.0,0.796667222375218,B,2.128541819145541
53033010002,0.0,0.6965110874957383,0.1604192228456767,0.14267016282721875,0.9996004731686338,B,2.445937712581409
53033001702,0.0,0.0,0.0,0.0,0.0,ungraded,
53033001701,0.0,0.0,0.0,0.0,0.0,ungraded,
53033010401,0.0,0.1649646507933883,0.8251086779767299,0.009926671229897701,1.000000000000016,C,2.8449620204365114
53033010701,0.0,0.0,0.14704510646922056,0.8105335762029695,0.95757868267219,D,3.8464407059909886
53033011001,0.0,0.0,1.0000000000000002,0.0,1.0000000000000002,C,3.0
53033004301,0.0,0.5202049085600999,0.12217871197390416,0.0,0.6423836205340041,B,2.1901958706113005
53033010001,0.0,0.10411658936207485,0.4240138213299376,0.08261274251472896,0.6107431532067413,C,2.9647906869942977
53033011002,0.0,0.0,0.4895245581586864,0.19524236369802844,0.6847669218567148,C,3.285122364217941
53033005100,0.0,0.8131229283772772,0.12368377698969335,0.06226526874326633,0.9990719741102368,B,2.2484448777549617
53033005600,0.23216196963569574,0.14932826198427707,0.15797699346453362,0.06949079042437462,0.608958015508881,A,2.106405701259124
53033009200,0.0,0.0,0.0,0.0,0.0,ungraded,
53033009300,0.0,0.025197660617195482,0.0014337666292051033,0.10813360278304585,0.13476503002944643,D,3.615411447225803
53033001800,0.0,0.0,0.0,0.0,0.0,ungraded,
53033001900,0.0,0.00011700704987868218,0.0,0.0,0.00011700704987868218,B,2.0
53033002000,0.0,0.054767717034287386,0.0,0.0,0.054767717034287386,B,2.0
53033002100,0.0,0.00041667648346017363,0.0,0.0,0.00041667648346017363,B,2.0
53033002400,0.0,0.0,0.0,0.0,0.0,ungraded,
53033002600,0.0,0.9872439947290409,0.0,0.0,0.9872439947290409,B,2.0
53033002900,0.0,0.9801875788514629,0.0,0.0,0.9801875788514629,B,2.0
53033009400,0.0,0.037756022409766166,0.09379632410444441,0.8684476534857877,0.9999999999999982,D,3.830691631076023
53033009500,0.05707864372737149,0.2373093994024329,0.09295644953839288,0.07343682288802839,0.46078131555622565,B,2.3966121138537755
53033004902,0.0,0.09986154417058493,0.4668199781259732,0.0,0.5666815222965581,C,2.8237783653755257
53033007406,0.0,0.0,0.7574353834038109,0.0,0.7574353834038109,C,3.0
53033011601,0.0,0.8384114931574563,0.0,0.0,0.8384114931574563,B,2.0
53033005803,0.0,0.16096329626342304,0.6488198700333494,0.0,0.8097831662967725,C,2.801226670344944
53033000403,0.0,0.0,0.0,0.0,0.0,ungraded,
53033011602,0.04467630660952825,0.43964656963039017,0.00048471664064452663,0.0,0.48480759288056297,B,1.9088471578872925
53033004901,0.0,0.6875013749879496,0.31249862501203857,0.0,0.9999999999999882,B,2.3124986250120423
53033005804,0.0,0.02842177928027734,0.06347143767246476,0.0,0.0918932169527421,C,2.6907086265693168
53033008101,0.0,0.0,0.0,0.0,0.0,ungraded,
53033007901,0.0,0.0,0.3594266152554485,0.640573384744578,1.0000000000000266,D,3.640573384744561
53033008102,0.0,0.0,0.0,0.0,0.0,ungraded,
53033007404,0.0,0.0,0.9999999999999998,0.0,0.9999999999999998,C,2.9999999999999996
53033007101,0.0,0.0,0.0,0.0,0.0,ungraded,
53033000404,0.0,0.0,0.0,0.0,0.0,ungraded,
53033007102,0.0,0.0,0.03625231811355064,0.0,0.03625231811355064,C,3.0
53033007405,0.0,0.0,0.9835611276126688,0.0,0.9835611276126688,C,3.0
53033007902,0.0,0.0,0.04784738371860756,0.9521526162814296,1.000000000000037,D,3.9521526162813942
53033007403,0.0,0.0,0.9999999999999999,0.0,0.9999999999999999,C,3.0
